{"cameraMode":{"drawMode":0,"name":"Shaded","section":"Shading Mode"},"sceneLighting":true,"audioPlay":false,"sceneViewState":{"m_AlwaysRefresh":false,"showFog":true,"showSkybox":true,"showFlares":true,"showImageEffects":true,"showParticleSystems":true,"showVisualEffectGraphs":true,"m_FxEnabled":true},"in2DMode":false,"pivot":{"x":1.9319263696670533,"y":-8.529068946838379,"z":14.245499610900879},"rotation":{"x":0.28503796458244326,"y":0.05316392704844475,"z":-0.01583724655210972,"w":0.9569254517555237},"size":9.338408470153809,"orthographic":false}